,Year,kms Driven,Fuel Type,Suspension,Price,Car Model
0,2019,1,Petrol,Automatic,1,Honda City V
1,2021,1,Petrol,Automatic,1,Honda City ZX
2,2018,2,Petrol,Automatic,1,Honda City i-VTEC
3,2020,1,Petrol,Automatic,1,Honda City ZX
4,2015,1,Petrol,Manual,1,Honda City i
5,2015,1,Diesel,Manual,1,Honda City i
6,2016,5,Diesel,Manual,1,Honda Jazz 1.5
7,2014,7,Diesel,Manual,1,Honda City i
8,2017,8,Petrol,Manual,1,Honda WR-V i-VTEC
9,2019,3,Petrol,Automatic,1,Honda Amaze V
10,2021,1,Petrol,Automatic,1,Honda City ZX
11,2017,3,Petrol,Automatic,1,Honda City i-VTEC
12,2020,1,Petrol,Automatic,1,Honda City ZX
13,2016,6,Petrol,Manual,1,Honda Jazz 1.2
14,2018,2,Petrol,Automatic,1,Honda City ZX
15,2022,5,Petrol,Automatic,1,Honda City ZX
16,2021,1,Petrol,Manual,1,Honda City VX
17,2015,3,Petrol,Manual,1,Honda City i
18,2013,2,Petrol,Manual,1,Honda Amaze S
19,2016,2,Petrol,Automatic,1,Honda Jazz 1.2
20,2017,5,Petrol,Manual,1,Honda City i
21,2020,3,Petrol,Manual,1,Honda Amaze S
22,2018,3,Petrol,Manual,1,Honda WR-V i-VTEC
23,2017,8,Diesel,Manual,1,Honda WR-V i-DTEC
24,2015,4,Diesel,Manual,1,Honda Jazz 1.5
25,2017,1,Diesel,Manual,1,Honda WR-V i-DTEC
26,2018,1,Diesel,Manual,1,Honda Amaze S
27,2015,9,Petrol,Manual,1,Honda City i
28,2014,9,Diesel,Manual,1,Honda Amaze S
29,2014,9,Diesel,Manual,1,Honda City i
30,2014,8,Petrol,Manual,1,Honda City i
31,2014,1,Diesel,Manual,1,Honda City i
32,2017,4,Petrol,Manual,1,Honda City i
33,2021,5,Petrol,Automatic,1,Honda City VX
34,2013,5,Petrol,Manual,1,Honda Brio S
35,2012,8,Petrol,Manual,1,Honda Brio S
36,2021,5,Petrol,Automatic,1,Honda City ZX
37,2018,3,Petrol,Manual,1,Honda Brio 1.2
38,2019,6,Diesel,Automatic,1,Honda Amaze V
39,2017,8,Petrol,Manual,1,Honda City i
40,2015,7,Petrol,Manual,1,Honda City i
41,2016,7,Petrol,Manual,1,Honda Jazz 1.2
42,2015,2,Petrol,Manual,1,Honda Brio S
43,2015,1,Petrol,Automatic,1,Honda Amaze VX
44,2010,5,Petrol,Manual,1,Honda City V
45,2015,8,Diesel,Manual,1,Honda Amaze VX
46,2013,1,Petrol,Manual,1,Honda Brio S
47,2010,1,Petrol,Manual,1,Honda City V
48,2020,2,Petrol,Manual,1,Honda City ZX
49,2020,1,Petrol,Manual,1,Honda City ZX
50,2014,9,Petrol,Manual,1,Honda City i
51,2019,2,Petrol,Automatic,1,Honda Amaze V
52,2010,8,Petrol,Manual,1,Honda City V
53,2017,2,Petrol,Manual,1,Honda Brio 1.2
54,2018,8,Diesel,Manual,1,Honda Amaze E
55,2015,7,Petrol,Automatic,1,Honda City i
56,2015,7,Diesel,Manual,1,Honda City i
57,2013,1,Petrol,Manual,1,Honda Amaze VX
58,2016,5,Petrol,Manual,1,Honda Amaze SX
59,2015,8,CNG,Manual,1,Honda Amaze S
60,2015,7,Petrol,Manual,1,Honda Amaze S
61,2014,5,Petrol,Manual,1,Honda City i
62,2014,9,Diesel,Manual,1,Honda City i
63,2015,6,Petrol,Manual,1,Honda City i
64,2014,9,Diesel,Manual,1,Honda Amaze S
65,2014,7,Diesel,Manual,1,Honda Amaze S
66,2011,7,Petrol,Manual,1,Honda City S
67,2010,2,Petrol,Automatic,1,Honda City V
68,2016,2,Petrol,Manual,1,Honda City i
69,2014,1,Diesel,Manual,1,Honda City i
70,2017,2,Petrol,Manual,1,Honda City 1.5
71,2018,4,Petrol,Automatic,1,Honda City i-VTEC
72,2014,1,Diesel,Manual,1,Honda City i
73,2014,1,Diesel,Manual,1,Honda City i
74,2012,7,Petrol,Manual,1,Honda City VTEC
75,2016,6,Petrol,Automatic,1,Honda Jazz V
76,2008,8,Petrol,Automatic,1,Honda City 1.5
77,2013,4,Diesel,Manual,1,Honda Amaze S
78,2011,7,Petrol,Manual,1,Honda City 1.5
79,2016,3,Petrol,Manual,1,Honda City i
80,2010,7,Petrol,Manual,1,Honda City 1.5
81,2014,7,Petrol,Manual,1,Honda Amaze VX
82,2009,1,Petrol,Automatic,1,Honda Accord 2.4
83,2010,5,Petrol,Automatic,1,Honda Accord 2.4
84,2015,8,Diesel,Manual,1,Honda Mobilio S
85,2009,1,Petrol,Manual,1,Honda Civic 1.8
86,2010,6,Petrol,Manual,1,Honda City 1.5
87,2011,3,Petrol,Automatic,1,Honda Accord 2.4
88,2013,5,Petrol,Manual,1,Honda Brio S
89,2015,2,Diesel,Manual,1,Honda Jazz 1.5
90,2013,7,Diesel,Manual,1,Honda Amaze E
91,2017,2,Petrol,Manual,1,Honda Jazz 1.2
92,2014,3,Petrol,Manual,1,Honda City i
93,2017,5,Petrol,Manual,1,Honda Jazz V
94,2019,4,Petrol,Automatic,1,Honda Amaze VX
95,2022,4,Petrol,Manual,1,Honda City ZX
96,2008,8,Petrol,Manual,1,Honda CR-V RVi
97,2009,5,Petrol,Automatic,1,Honda City 1.5
98,2017,2,Petrol,Automatic,1,Honda BR-V i-VTEC
99,2018,5,Petrol,Automatic,1,Honda City i-VTEC
100,2019,3,Petrol,Manual,1,Honda City i-VTEC
101,2009,6,Petrol,Manual,1,Honda City 1.5
102,2008,1,Petrol,Automatic,1,Honda Civic 1.8
103,2017,4,Petrol,Automatic,1,Honda City i-VTEC
104,2016,5,Petrol,Manual,1,Honda Jazz 1.2
105,2014,6,Diesel,Manual,1,Honda Amaze VX
106,2018,3,Petrol,Automatic,1,Honda City i-VTEC
107,2017,2,Petrol,Manual,1,Honda WR-V i-VTEC
108,2015,7,Petrol,Manual,1,Honda City i
109,2016,5,Petrol,Manual,1,Honda Amaze S
110,2018,2,Petrol,Manual,1,Honda City i-VTEC
111,2017,3,Petrol,Manual,1,Honda Jazz V
112,2014,1,Diesel,Manual,1,Honda City i
113,2015,1,Petrol,Automatic,1,Honda City i
114,2021,1,Petrol,Manual,1,Honda WR-V SV
115,2017,2,Petrol,Automatic,1,Honda City i-VTEC
116,2013,4,Petrol,Manual,1,Honda Brio S
117,2022,1,Petrol,Manual,1,Honda City V
118,2017,7,Petrol,Manual,1,Honda City i-VTEC
119,2017,3,Petrol,Manual,1,Honda Jazz 1.2
120,2019,2,Petrol,Manual,1,Honda Amaze S
121,2012,9,Petrol,Automatic,1,Honda City V
122,2016,5,Petrol,Manual,1,Honda Brio S
123,2019,3,Petrol,Manual,1,Honda Amaze V
124,2011,1,Petrol,Automatic,1,Honda City V
125,2009,8,Petrol,Manual,1,Honda City 1.5
126,2015,1,Petrol,Manual,1,Honda City i
127,2016,3,Petrol,Automatic,1,Honda Jazz 1.2
128,2013,6,Petrol,Manual,1,Honda Brio EX
129,2015,2,Petrol,Manual,1,Honda Jazz 1.2
130,2018,4,Petrol,Manual,1,Honda Amaze V
131,2010,7,Petrol,Manual,1,Honda City 1.5
132,2014,9,Petrol,Manual,1,Honda City i
133,2018,5,Diesel,Manual,1,Honda Amaze VX
134,2013,5,Petrol,Manual,1,Honda City V
135,2020,2,Petrol,Manual,1,Honda City SV
136,2014,2,Diesel,Manual,1,Honda Amaze S
137,2017,4,Petrol,Manual,1,Honda Amaze S
138,2020,1,Petrol,Manual,1,Honda Amaze VX
139,2013,3,Petrol,Manual,1,Honda Amaze S
140,2017,6,Petrol,Automatic,1,Honda Jazz 1.2
141,2017,2,Petrol,Manual,1,Honda Amaze S
142,2014,5,Petrol,Manual,1,Honda City i
143,2010,6,Petrol,Manual,1,Honda Jazz Select
144,2015,9,Petrol,Manual,1,Honda Brio S
145,2009,6,Petrol,Manual,1,Honda Accord 2.4
146,2018,7,Petrol,Manual,1,Honda Amaze S
147,2019,2,Petrol,Manual,1,Honda WR-V i-VTEC
148,2017,6,Petrol,Manual,1,Honda City i-VTEC
149,2017,7,Petrol,Automatic,1,Honda City i-VTEC
150,2012,4,Petrol,Automatic,1,Honda City V
151,2021,1,Petrol,Manual,1,Honda City i-VTEC
152,2012,6,Petrol,Manual,1,Honda City i
153,2015,6,Petrol,Manual,1,Honda City i
154,2014,1,Petrol,Manual,1,Honda Amaze E
155,2017,4,Petrol,Manual,1,Honda City i
156,2019,6,Petrol,Automatic,1,Honda City V
157,2012,7,Petrol,Manual,1,Honda Brio S
158,2017,6,Petrol,Automatic,1,Honda Jazz V
159,2013,1,Petrol,Manual,1,Honda Brio S
160,2016,4,Diesel,Manual,1,Honda Amaze VX
161,2016,3,Petrol,Manual,1,Honda Amaze S
162,2014,5,Petrol,Automatic,1,Honda Amaze S
163,2018,3,Petrol,Manual,1,Honda WR-V i-VTEC
164,2015,5,Petrol,Manual,1,Honda City i
165,2018,4,Petrol,Manual,1,Honda City i-VTEC
166,2018,6,Petrol,Manual,1,Honda City i-VTEC
167,2014,7,Petrol,Automatic,1,Honda City i
168,2014,9,Petrol,Manual,1,Honda City i
169,2017,3,Petrol,Automatic,1,Honda City i
170,2017,5,Petrol,Manual,1,Honda BR-V i-VTEC
171,2015,2,Petrol,Manual,1,Honda Brio S
172,2019,8,Petrol,Automatic,1,Honda City i-VTEC
173,2016,6,Diesel,Manual,1,Honda City i
174,2015,5,Petrol,Manual,1,Honda Jazz 1.2
175,2016,5,Petrol,Manual,1,Honda City i
176,2019,4,Petrol,Manual,1,Honda Amaze S
177,2017,8,Petrol,Manual,1,Honda City i
178,2015,6,Petrol,Manual,1,Honda Amaze S
179,2015,7,Petrol,Automatic,1,Honda Jazz 1.2
180,2018,5,Petrol,Automatic,1,Honda City Anniversary
181,2012,5,Petrol,Automatic,1,Honda City V
182,2018,3,Petrol,Manual,1,Honda WR-V i-VTEC
183,2013,5,Petrol,Manual,1,Honda Brio S
184,2017,7,Petrol,Manual,1,Honda WR-V i-VTEC
185,2016,3,Petrol,Manual,1,Honda City i
186,2019,3,Petrol,Manual,1,Honda Amaze S
187,2017,1,Diesel,Manual,1,Honda City i-DTEC
188,2016,6,Petrol,Automatic,1,Honda City i
189,2019,3,Petrol,Automatic,1,Honda CR-V 2.0
190,2022,1,Petrol,Manual,1,Honda WR-V VX
191,2014,4,Petrol,Automatic,1,Honda CR-V 2.4L
192,2018,9,Petrol,Manual,1,Honda Amaze V
193,2009,1,Petrol,Manual,1,Honda City 1.5
194,2017,5,Petrol,Automatic,1,Honda City i-VTEC
195,2013,9,Petrol,Manual,1,Honda City V
196,2017,8,Petrol,Automatic,1,Honda City i-VTEC
197,2016,7,Petrol,Manual,1,Honda Amaze S
198,2019,1,Petrol,Automatic,1,Honda Amaze V
199,2016,3,Petrol,Automatic,1,Honda BR-V i-VTEC
200,2016,5,Petrol,Manual,1,Honda BR-V i-VTEC
201,2018,3,Petrol,Automatic,1,Honda City i-VTEC
202,2015,4,Petrol,Automatic,1,Honda Jazz 1.2
203,2016,6,Petrol,Automatic,1,Honda Jazz 1.2
204,2016,2,Petrol,Manual,1,Honda City i
205,2013,3,Petrol,Manual,1,Honda Brio S
206,2015,4,Petrol,Automatic,1,Honda Jazz 1.2
207,2009,7,Petrol,Automatic,1,Honda City 1.5
208,2014,3,Petrol,Manual,1,Honda City V
209,2017,7,Petrol,Automatic,1,Honda City ZX
210,2019,2,Petrol,Manual,1,Honda BR-V i-VTEC
211,2014,7,Diesel,Manual,1,Honda City i
212,2018,4,Petrol,Manual,1,Honda Amaze EX
213,2014,7,Petrol,Manual,1,Honda City i
214,2010,7,Petrol,Manual,1,Honda City 1.5
215,2018,6,Petrol,Manual,1,Honda Amaze S
216,2017,3,Petrol,Manual,1,Honda City i
217,2015,4,Petrol,Automatic,1,Honda Jazz 1.2
218,2015,1,Petrol,Automatic,1,Honda City i
219,2014,7,Diesel,Manual,1,Honda City i
220,2014,8,Diesel,Manual,1,Honda City i
221,2018,4,Petrol,Manual,1,Honda Amaze E
222,2022,1,Petrol,Manual,1,Honda City VX
223,2018,4,Petrol,Manual,1,Honda Amaze E
224,2017,3,Petrol,Manual,1,Honda City i
225,2017,3,Petrol,Automatic,1,Honda City i-VTEC
226,2023,5,Petrol,Manual,1,Honda Amaze S
227,2015,8,Petrol,Manual,1,Honda Amaze S
228,2020,3,Diesel,Manual,1,Honda WR-V i-DTEC
229,2013,1,Diesel,Manual,1,Honda Amaze E
230,2013,4,Petrol,Manual,1,Honda Brio VX
231,2015,1,Diesel,Manual,1,Honda City i
232,2012,6,Petrol,Manual,1,Honda City E
233,2015,1,Diesel,Manual,1,Honda Amaze S
234,2007,1,Petrol,Manual,1,Honda City GXi
235,2020,1,Petrol,Manual,1,Honda WR-V i-VTEC
236,2017,2,Petrol,Manual,1,Honda Jazz 1.2
237,2008,1,Petrol,Manual,1,Honda City EXi
238,2013,6,Petrol,Manual,1,Honda Brio S
239,2017,8,Diesel,Manual,1,Honda WR-V i-DTEC
240,2014,3,Petrol,Manual,1,Honda Brio S
241,2022,2,Petrol,Manual,1,Honda City V
242,2012,9,Petrol,Manual,1,Honda City S
243,2017,3,Petrol,Manual,1,Honda BR-V i-VTEC
244,2014,3,Petrol,Manual,1,Honda Brio V
245,2015,1,Petrol,Manual,1,Honda City i
246,2014,5,Petrol,Automatic,1,Honda City i
247,2008,7,Petrol,Manual,1,Honda Civic 1.8
248,2014,8,Diesel,Manual,1,Honda City i
249,2014,2,Petrol,Manual,1,Honda Brio S
250,2021,2,Petrol,Manual,1,Honda Amaze S
251,2013,4,Petrol,Manual,1,Honda Amaze SX
252,2015,4,Petrol,Automatic,1,Honda Amaze S
253,2010,6,Petrol,Manual,1,Honda City 1.5
254,2013,4,Petrol,Automatic,1,Honda Amaze VX
255,2015,6,Petrol,Automatic,1,Honda City i
256,2012,7,Petrol,Manual,1,Honda Brio S
257,2014,1,Diesel,Manual,1,Honda Amaze S
258,2015,4,Petrol,Manual,1,Honda Jazz 1.2
259,2008,8,Petrol,Manual,1,Honda City 1.5
260,2013,1,Diesel,Manual,1,Honda Amaze S
261,2014,8,Petrol,Manual,1,Honda Mobilio S
262,2013,1,Diesel,Manual,1,Honda Amaze S
263,2018,6,Diesel,Manual,1,Honda Amaze S
264,2014,6,Petrol,Manual,1,Honda Mobilio V
265,2018,3,Petrol,Manual,1,Honda City i-VTEC
266,2015,7,Petrol,Manual,1,Honda City i
267,2010,1,Petrol,Automatic,1,Honda City 1.5
268,2018,2,Petrol,Manual,1,Honda City i-VTEC
269,2019,3,Petrol,Automatic,1,Honda City i-VTEC
270,2014,1,Diesel,Manual,1,Honda City i
271,2016,5,Petrol,Manual,1,Honda Brio S
272,2018,2,Petrol,Manual,1,Honda WR-V i-VTEC
273,2019,2,Petrol,Manual,1,Honda BR-V i-VTEC
274,2015,6,Petrol,Manual,1,Honda Amaze S
275,2016,1,Petrol,Manual,1,Honda City i
276,2016,9,Petrol,Automatic,1,Honda City i
277,2015,7,Diesel,Manual,1,Honda Amaze S
278,2012,6,Petrol,Manual,1,Honda Brio V
279,2022,1,Petrol,Manual,1,Honda City ZX
280,2017,9,Petrol,Manual,1,Honda Amaze E
281,2009,3,Petrol,Manual,1,Honda Jazz S
282,2013,8,Petrol,Manual,1,Honda Brio V
283,2017,3,Petrol,Manual,1,Honda City i
284,2009,8,Petrol,Manual,1,Honda City 1.5
285,2015,1,Diesel,Manual,1,Honda Jazz 1.5
286,2010,8,Petrol,Manual,1,Honda City 1.5
287,2010,1,Petrol,Manual,1,Honda Jazz Basic
288,2019,7,Petrol,Automatic,1,Honda City ZX
289,2010,9,Petrol,Manual,1,Honda City 1.5
290,2012,5,Petrol,Automatic,1,Honda City V
291,2017,5,Petrol,Manual,1,Honda Amaze SX
292,2011,8,Petrol,Manual,1,Honda City 1.5
293,2017,1,Petrol,Manual,1,Honda WR-V i-VTEC
294,2016,5,Petrol,Manual,1,Honda City i
295,2019,1,Petrol,Automatic,1,Honda Amaze VX
296,2009,9,Petrol,Manual,1,Honda City 1.5
297,2009,4,Petrol,Manual,1,Honda City 1.5
298,2013,1,Petrol,Manual,1,Honda City E
299,2015,7,Petrol,Manual,1,Honda City i
300,2012,8,Petrol,Manual,1,Honda Brio S
301,2010,8,Petrol,Manual,1,Honda City V
302,2018,2,Petrol,Automatic,1,Honda Jazz 1.2
303,2017,3,Petrol,Manual,1,Honda BR-V i-VTEC
304,2017,4,Petrol,Automatic,1,Honda City i-VTEC
305,2014,4,Petrol,Manual,1,Honda Amaze S
306,2014,2,Petrol,Manual,1,Honda Amaze SX
307,2017,5,Petrol,Automatic,1,Honda City i-VTEC
308,2016,6,Petrol,Manual,1,Honda Amaze SX
309,2017,6,Petrol,Automatic,1,Honda City i-VTEC
310,2014,5,Petrol,Manual,1,Honda City i
311,2017,5,Petrol,Manual,1,Honda City i-VTEC
312,2015,2,Petrol,Automatic,1,Honda Amaze VX
313,2019,1,Petrol,Automatic,1,Honda Amaze S
314,2017,3,Petrol,Manual,1,Honda Jazz 1.2
315,2012,3,Petrol,Automatic,1,Honda City V
316,2017,3,Petrol,Manual,1,Honda City i
317,2016,4,Petrol,Manual,1,Honda City i
318,2016,3,Petrol,Automatic,1,Honda City i
319,2017,1,Petrol,Manual,1,Honda WR-V i-VTEC
320,2015,5,Petrol,Manual,1,Honda City V
321,2011,5,Petrol,Manual,1,Honda City 1.5
322,2012,8,Petrol,Manual,1,Honda Brio S
323,2014,1,Diesel,Manual,1,Honda City i
324,2013,2,Petrol,Automatic,1,Honda Amaze VX
325,2019,5,Diesel,Manual,1,Honda City i-DTEC
326,2012,4,Petrol,Manual,1,Honda Brio S
327,2008,1,Petrol,Manual,1,Honda City 1.5
328,2015,5,Petrol,Manual,1,Honda City i
329,2014,7,Diesel,Manual,1,Honda Amaze S
330,2015,1,Diesel,Manual,1,Honda City i
331,2010,6,Petrol,Automatic,1,Honda Civic 1.8
332,2021,2,Petrol,Manual,1,Honda City SV
333,2014,2,Petrol,Manual,1,Honda Amaze VX
334,2013,7,Diesel,Manual,1,Honda Amaze S
335,2014,8,Petrol,Manual,1,Honda Amaze S
336,2012,6,Petrol,Manual,1,Honda City S
337,2014,1,Diesel,Manual,1,Honda Amaze S
338,2011,5,Petrol,Manual,1,Honda City 1.5
339,2022,1,Petrol,Automatic,1,Honda Amaze VX
340,2018,8,Diesel,Manual,1,Honda WR-V i-DTEC
341,2014,5,Petrol,Manual,1,Honda Amaze E
342,2014,2,Petrol,Manual,1,Honda Amaze S
343,2017,2,Petrol,Manual,1,Honda BR-V i-VTEC
344,2020,1,Petrol,Automatic,1,Honda Amaze VX
345,2018,6,Petrol,Automatic,1,Honda City i-VTEC
346,2009,7,Petrol,Automatic,1,Honda City 1.5
347,2010,7,Petrol,Manual,1,Honda City 1.5
348,2017,7,Petrol,Manual,1,Honda City i
349,2020,3,Petrol,Automatic,1,Honda City i-VTEC
350,2017,2,Petrol,Manual,1,Honda City i
351,2008,1,Petrol,Manual,1,Honda City GXi
352,2014,1,Diesel,Manual,1,Honda City i
353,2009,1,Petrol,Manual,1,Honda City 1.5
354,2013,7,Petrol,Manual,1,Honda Brio S
355,2018,6,Diesel,Manual,1,Honda Amaze S
356,2016,3,Petrol,Manual,1,Honda City i
357,2009,6,Petrol,Manual,1,Honda Civic 1.8
358,2016,7,Petrol,Automatic,1,Honda City i
359,2010,7,Petrol,Manual,1,Honda City 1.5
360,2008,7,Petrol,Automatic,1,Honda Civic 1.8
361,2009,1,Petrol,Manual,1,Honda City 1.5
362,2019,2,Petrol,Manual,1,Honda Amaze VX
363,2020,3,Petrol,Manual,1,Honda City i-VTEC
364,2019,3,Petrol,Manual,1,Honda City i-VTEC
365,2014,1,Diesel,Manual,1,Honda City i
366,2014,1,Diesel,Manual,1,Honda Mobilio S
367,2019,2,Petrol,Manual,1,Honda Amaze S
368,2019,2,Petrol,Manual,1,Honda City V
369,2009,7,Petrol,Manual,1,Honda City 1.5
370,2017,4,Diesel,Manual,1,Honda WR-V i-DTEC
371,2017,1,Diesel,Manual,1,Honda BR-V i-DTEC
372,2015,5,Diesel,Manual,1,Honda City i
373,2015,9,Petrol,Manual,1,Honda City i
374,2016,9,Petrol,Manual,1,Honda Jazz 1.2
375,2011,7,Petrol,Automatic,1,Honda City 1.5
376,2011,8,Petrol,Manual,1,Honda City S
377,2018,5,Petrol,Manual,1,Honda Amaze VX
378,2008,1,Petrol,Manual,1,Honda City GXi
379,2012,8,Petrol,Manual,1,Honda City S
380,2013,1,Diesel,Manual,1,Honda Amaze S
381,2017,5,Diesel,Manual,1,Honda WR-V i-DTEC
382,2015,7,Diesel,Manual,1,Honda City i
383,2009,1,Petrol,Automatic,1,Honda City 1.5
384,2005,5,Petrol,Manual,1,Honda City 1.5
385,2004,1,Petrol,Automatic,1,Honda CR-V 2.4
386,2013,7,Petrol,Manual,1,Honda Brio VX
387,2008,1,Petrol,Manual,1,Honda City GXi
388,2014,9,Diesel,Manual,1,Honda City i
389,2019,2,Petrol,Manual,1,Honda Amaze S
390,2019,5,Diesel,Automatic,1,Honda CR-V Diesel
391,2018,2,Petrol,Automatic,1,Honda City i-VTEC
392,2014,5,Petrol,Manual,1,Honda City i
393,2015,6,Diesel,Manual,1,Honda City i
394,2019,1,Petrol,Automatic,1,Honda Civic VX
395,2017,3,Petrol,Automatic,1,Honda City i
396,2019,2,Petrol,Manual,1,Honda WR-V Edge
397,2022,5,Petrol,Manual,1,Honda City ZX
398,2022,5,Petrol,Automatic,1,Honda City i-VTEC
399,2016,3,Petrol,Manual,1,Honda City i
400,2022,3,Petrol,Automatic,1,Honda City i-VTEC
401,2018,2,Petrol,Manual,1,Honda Jazz 1.2
402,2021,4,Petrol,Automatic,1,Honda Amaze VX
403,2019,3,Petrol,Manual,1,Honda Jazz 1.2
404,2015,3,Petrol,Automatic,1,Honda Jazz V
405,2021,3,Petrol,Automatic,1,Honda City i-VTEC
406,2015,1,Petrol,Automatic,1,Honda City i
407,2015,2,Diesel,Manual,1,Honda City i
408,2010,1,Petrol,Manual,1,Honda City 1.5
409,2011,1,Petrol,Manual,1,Honda City 1.5
410,2018,2,Petrol,Automatic,1,Honda Amaze V
411,2010,5,Petrol,Manual,1,Honda City 1.5
412,2014,8,Diesel,Manual,1,Honda Amaze E
413,2012,6,Petrol,Manual,1,Honda Jazz X
414,2015,3,Petrol,Manual,1,Honda City i
415,2016,5,Diesel,Manual,1,Honda BR-V i-DTEC
416,2019,2,Petrol,Automatic,1,Honda Amaze V
417,2015,2,Petrol,Automatic,1,Honda CR-V 2.4L
418,2021,5,Petrol,Manual,1,Honda City V
419,2020,6,Petrol,Manual,1,Honda Amaze S
420,2014,1,Diesel,Manual,1,Honda Amaze S
421,2015,6,Petrol,Manual,1,Honda City i
422,2015,7,Diesel,Manual,1,Honda Jazz 1.5
423,2016,5,Petrol,Manual,1,Honda Amaze S
424,2013,3,Petrol,Manual,1,Honda Brio VX
425,2021,3,Petrol,Automatic,1,Honda City ZX
426,2015,5,Diesel,Manual,1,Honda City i
427,2014,5,Petrol,Automatic,1,Honda CR-V 2.4L
428,2017,2,Petrol,Manual,1,Honda WR-V i-VTEC
429,2011,6,Petrol,Automatic,1,Honda City 1.5
430,2015,8,Petrol,Manual,1,Honda Amaze S
431,2017,9,Diesel,Manual,1,Honda WR-V i-DTEC
432,2012,6,Petrol,Manual,1,Honda Brio S
433,2010,8,Petrol,Manual,1,Honda City 1.5
434,2008,7,Petrol,Automatic,1,Honda CR-V 2.4
435,2021,2,Diesel,Manual,1,Honda Amaze S
436,2017,2,Petrol,Automatic,1,Honda City i-VTEC
437,2010,6,Petrol,Manual,1,Honda Accord 2.4
438,2017,4,Petrol,Manual,1,Honda Amaze S
439,2015,7,Petrol,Automatic,1,Honda CR-V 2.4L
440,2013,4,Petrol,Manual,1,Honda Amaze EX
441,2014,5,Petrol,Manual,1,Honda City i
442,2014,7,Petrol,Manual,1,Honda Amaze S
443,2019,3,Petrol,Automatic,1,Honda City i-VTEC
444,2013,4,Petrol,Manual,1,Honda City S
445,2014,8,Diesel,Manual,1,Honda Amaze S
446,2017,1,Petrol,Manual,1,Honda Jazz 1.2
447,2010,1,Petrol,Automatic,1,Honda City 1.5
448,2017,3,Petrol,Automatic,1,Honda Jazz 1.2
449,2015,6,Petrol,Automatic,1,Honda Jazz V
450,2015,4,Petrol,Automatic,1,Honda City i
451,2022,1,Petrol,Manual,1,Honda City i-VTEC
452,2017,4,Diesel,Manual,1,Honda BR-V i-DTEC
453,2013,5,Diesel,Manual,1,Honda Amaze S
454,2014,3,Petrol,Automatic,1,Honda City i
455,2020,6,Petrol,Manual,1,Honda City V
456,2015,8,Diesel,Manual,1,Honda Amaze SX
457,2009,1,Petrol,Manual,1,Honda City 1.5
458,2015,3,Petrol,Manual,1,Honda Amaze S
459,2015,5,Petrol,Manual,1,Honda Jazz 1.2
460,2013,6,Petrol,Manual,1,Honda City V
461,2015,9,Petrol,Automatic,1,Honda City i
462,2016,9,Diesel,Manual,1,Honda Jazz 1.5
463,2017,1,Petrol,Manual,1,Honda WR-V i-VTEC
464,2015,3,Petrol,Manual,1,Honda Amaze S
465,2017,1,Petrol,Automatic,1,Honda Jazz V
466,2013,4,Petrol,Manual,1,Honda Brio S
467,2017,3,Petrol,Manual,1,Honda Amaze S
468,2022,5,Petrol,Manual,1,Honda City V
469,2019,1,Petrol,Automatic,1,Honda Civic VX
470,2016,5,Petrol,Manual,1,Honda City i
471,2015,8,Petrol,Manual,1,Honda City i
472,2015,5,Petrol,Manual,1,Honda City V
473,2017,7,Diesel,Manual,1,Honda WR-V i-DTEC
474,2017,2,Petrol,Manual,1,Honda Jazz 1.2
475,2014,2,Diesel,Manual,1,Honda Amaze S
476,2013,5,Petrol,Manual,1,Honda Brio S
477,2009,1,Petrol,Manual,1,Honda City 1.5
478,2007,4,Petrol,Manual,1,Honda Civic 1.8
479,2005,1,Petrol,Manual,1,Honda City 1.5
480,2017,2,Petrol,Manual,1,Honda City i
481,2016,4,Petrol,Manual,1,Honda City i
482,2009,9,Petrol,Automatic,1,Honda Civic 1.8
483,2013,2,Petrol,Manual,1,Honda City E
484,2014,4,Petrol,Automatic,1,Honda City i
485,2013,2,Petrol,Automatic,1,Honda City 1.5
486,2014,7,Diesel,Manual,1,Honda City i
487,2004,1,Petrol,Manual,1,Honda City 1.5
488,2016,3,Petrol,Automatic,1,Honda Amaze V
489,2016,3,Petrol,Automatic,1,Honda City i
490,2017,7,Petrol,Manual,1,Honda City i
491,2016,5,Petrol,Manual,1,Honda BR-V i-VTEC
492,2013,8,Diesel,Manual,1,Honda Amaze S
493,2016,8,Diesel,Manual,1,Honda City i
494,2016,4,Petrol,Automatic,1,Honda City i
495,2012,4,Petrol,Manual,1,Honda Brio S
496,2009,8,Petrol,Manual,1,Honda City 1.5
497,2007,4,Petrol,Manual,1,Honda Civic 1.8
498,2013,7,Petrol,Automatic,1,Honda Brio V
499,2018,1,Diesel,Manual,1,Honda Amaze i-DTEC
500,2012,8,Petrol,Manual,1,Honda Brio V
501,2010,5,Petrol,Manual,1,Honda City 1.5
502,2018,1,Diesel,Manual,1,Honda Amaze S
503,2016,6,Petrol,Manual,1,Honda Amaze S
504,2009,3,Petrol,Manual,1,Honda City 1.5
505,2018,5,Diesel,Automatic,1,Honda Amaze S
506,2009,1,Petrol,Automatic,1,Honda City 1.5
507,2017,2,Petrol,Manual,1,Honda Amaze S
508,2009,1,Petrol,Manual,1,Honda Civic 1.8
509,2019,5,Petrol,Manual,1,Honda WR-V i-VTEC
510,2008,1,Petrol,Manual,1,Honda City GXi
511,2012,4,Petrol,Manual,1,Honda Brio S
512,2017,7,Diesel,Manual,1,Honda Amaze E
513,2015,5,Petrol,Manual,1,Honda City i
514,2019,3,Petrol,Automatic,1,Honda Jazz VX
515,2017,5,Petrol,Automatic,1,Honda City i-VTEC
516,2014,1,Petrol,Manual,1,Honda City i
517,2018,1,Diesel,Manual,1,Honda WR-V i-DTEC
518,2022,2,Petrol,Manual,1,Honda Amaze S
519,2017,6,Petrol,Automatic,1,Honda City VX
520,2013,2,Diesel,Manual,1,Honda Amaze S
521,2013,1,Petrol,Manual,1,Honda Brio EX
522,2014,4,Diesel,Manual,1,Honda City i
523,2019,8,Petrol,Automatic,1,Honda City VX
524,2017,6,Petrol,Manual,1,Honda City V
525,2018,5,Petrol,Manual,1,Honda City V
526,2021,1,Petrol,Automatic,1,Honda Amaze Exclusive
527,2012,6,Petrol,Manual,1,Honda Jazz X
528,2015,6,Petrol,Automatic,1,Honda CR-V 2.4L
529,2010,9,Petrol,Manual,1,Honda City 1.5
530,2016,4,Petrol,Automatic,1,Honda CR-V 2.4L
531,2014,1,Petrol,Manual,1,Honda City SV
532,2009,7,Petrol,Automatic,1,Honda Civic 1.8
533,2021,6,Petrol,Manual,1,Honda City SV
534,2014,4,Petrol,Manual,1,Honda Amaze S
535,2012,4,Petrol,Manual,1,Honda City E
536,2009,1,Petrol,Manual,1,Honda City 1.5
537,2015,1,Petrol,Manual,1,Honda Amaze SX
538,2014,8,Petrol,Manual,1,Honda City i
539,2019,1,Petrol,Manual,1,Honda Amaze S
540,2015,1,Diesel,Manual,1,Honda City i
541,2019,8,Petrol,Manual,1,Honda City V
542,2005,9,Petrol,Manual,1,Honda City 1.5
543,2008,6,Petrol,Manual,1,Honda City GXi
544,2017,1,Petrol,Manual,1,Honda City i
545,2014,6,Diesel,Manual,1,Honda City i
546,2010,7,Petrol,Manual,1,Honda City 1.5
547,2010,9,Petrol,Manual,1,Honda City 1.5
548,2008,1,Petrol,Manual,1,Honda City GXi
549,2011,1,Petrol,Manual,1,Honda Civic 1.8
550,2014,7,Petrol,Manual,1,Honda City i
551,2010,8,Petrol,Manual,1,Honda City 1.5
552,2016,5,Diesel,Manual,1,Honda City i
553,2012,7,Petrol,Manual,1,Honda Brio S
554,2014,6,Diesel,Manual,1,Honda Amaze S
555,2010,7,Petrol,Manual,1,Honda City 1.5
556,2012,2,Petrol,Manual,1,Honda City S
557,2016,2,Petrol,Manual,1,Honda Jazz 1.2
558,2018,2,Petrol,Automatic,1,Honda City i-VTEC
559,2019,3,Petrol,Manual,1,Honda Amaze VX
560,2012,7,Petrol,Manual,1,Honda City S
561,2010,7,Petrol,Manual,1,Honda City 1.5
562,2017,1,Diesel,Manual,1,Honda Amaze i-DTEC
563,2016,1,Diesel,Manual,1,Honda BR-V i-DTEC
564,2014,1,Diesel,Manual,1,Honda City i
565,2019,1,Diesel,Manual,1,Honda WR-V i-DTEC
566,2009,7,Petrol,Manual,1,Honda City 1.5
567,2017,3,Petrol,Automatic,1,Honda Jazz 1.2
568,2020,1,Petrol,Manual,1,Honda Amaze S
569,2016,5,Petrol,Automatic,1,Honda Amaze S
570,2019,2,Petrol,Manual,1,Honda Amaze E
571,2014,2,Diesel,Manual,1,Honda Mobilio V
572,2008,2,Petrol,Manual,1,Honda City GXi
573,2016,1,Diesel,Manual,1,Honda City i
574,2009,9,Petrol,Manual,1,Honda City 1.5
575,2010,9,Petrol,Manual,1,Honda City 1.5
576,2015,9,Diesel,Manual,1,Honda Amaze S
577,2008,1,Petrol,Automatic,1,Honda Civic 1.8
578,2016,4,Petrol,Manual,1,Honda Amaze VX
579,2010,1,Petrol,Manual,1,Honda City 1.5
580,2015,8,Petrol,Manual,1,Honda Amaze S
581,2011,6,Petrol,Manual,1,Honda Accord 2.4
582,2009,9,Petrol,Manual,1,Honda City 1.5
583,2021,2,Petrol,Manual,1,Honda Amaze VX
584,2011,7,Petrol,Manual,1,Honda City 1.5
585,2014,1,Diesel,Manual,1,Honda Amaze S
586,2017,4,Petrol,Manual,1,Honda City i
587,2016,8,Petrol,Manual,1,Honda Jazz 1.2
588,2003,1,Petrol,Manual,1,Honda City 1.5
589,2017,1,Petrol,Manual,1,Honda City i
590,2016,1,Diesel,Manual,1,Honda City i
591,2015,5,Petrol,Manual,1,Honda Amaze S
592,2021,3,Petrol,Automatic,1,Honda City i-VTEC
593,2015,1,Diesel,Manual,1,Honda City i
594,2008,3,Petrol,Manual,1,Honda Civic 1.8
595,2007,6,Petrol,Manual,1,Honda Civic 1.8
596,2015,6,Petrol,Manual,1,Honda Amaze S
597,2015,6,Diesel,Manual,1,Honda Amaze VX
598,2017,3,Petrol,Manual,1,Honda City i
599,2015,9,Petrol,Manual,1,Honda City i
600,2014,6,Petrol,Manual,1,Honda Amaze S
601,2016,6,Petrol,Manual,1,Honda Amaze E
602,2018,8,Petrol,Automatic,1,Honda City i-VTEC
603,2019,4,Diesel,Manual,1,Honda City i-DTEC
604,2014,1,Diesel,Manual,1,Honda City i
605,2014,1,Diesel,Manual,1,Honda Mobilio RS
606,2015,1,Diesel,Manual,1,Honda Amaze S
607,2017,3,Petrol,Automatic,1,Honda City i-VTEC
608,2014,1,Diesel,Manual,1,Honda Mobilio S
609,2014,8,Diesel,Manual,1,Honda City i
610,2013,3,Petrol,Manual,1,Honda Brio S
611,2019,3,Petrol,Manual,1,Honda BR-V i-VTEC
612,2014,3,Petrol,Manual,1,Honda Amaze E
613,2016,5,Petrol,Manual,1,Honda City i
614,2014,1,Petrol,Automatic,1,Honda City i
615,2009,9,Petrol,Manual,1,Honda City S
616,2015,5,Petrol,Manual,1,Honda City i
617,2017,7,Diesel,Manual,1,Honda City i
618,2015,4,Petrol,Manual,1,Honda City i
619,2019,1,Petrol,Manual,1,Honda Amaze V
620,2015,2,Petrol,Manual,1,Honda Amaze SX
621,2017,5,Petrol,Manual,1,Honda Brio 1.2
622,2016,4,Petrol,Manual,1,Honda City i
623,2010,8,Petrol,Manual,1,Honda Accord 2.4
624,2017,3,Petrol,Automatic,1,Honda Amaze S
625,2011,6,Petrol,Automatic,1,Honda Civic 1.8
626,2008,1,Petrol,Manual,1,Honda City GXi
627,2010,1,Petrol,Manual,1,Honda Accord 2.4
628,2016,5,Petrol,Manual,1,Honda City i
629,2016,8,Petrol,Automatic,1,Honda City i
630,2009,1,Petrol,Manual,1,Honda Civic 1.8
631,2011,8,Petrol,Manual,1,Honda City 1.5
632,2013,1,Diesel,Manual,1,Honda Amaze VX
633,2014,8,Petrol,Manual,1,Honda Mobilio V
634,2014,7,Diesel,Manual,1,Honda Amaze EX
635,2014,2,Petrol,Manual,1,Honda City i
636,2011,7,Petrol,Manual,1,Honda City S
637,2009,7,Petrol,Manual,1,Honda Jazz Basic
638,2013,9,Petrol,Manual,1,Honda City S
639,2005,1,Petrol,Manual,1,Honda City EXi
640,2012,7,Petrol,Manual,1,Honda City Corporate
641,2015,3,Diesel,Manual,1,Honda Jazz 1.5
642,2016,4,Petrol,Manual,1,Honda Amaze S
643,2017,2,Petrol,Manual,1,Honda City i
644,2014,1,Petrol,Manual,1,Honda Amaze S
645,2009,1,Petrol,Manual,1,Honda City 1.5
646,2010,2,Petrol,Manual,1,Honda Jazz Basic
647,2020,5,Petrol,Automatic,1,Honda Amaze S
648,2018,2,Petrol,Automatic,1,Honda Amaze V
649,2019,3,Petrol,Automatic,1,Honda City i-VTEC
650,2017,6,Petrol,Automatic,1,Honda BR-V i-VTEC
651,2016,6,Petrol,Automatic,1,Honda CR-V 2.0L
652,2008,1,Petrol,Manual,1,Honda Civic 1.8
653,2016,1,Petrol,Manual,1,Honda Brio VX
654,2014,5,Petrol,Manual,1,Honda City i
655,2018,5,Diesel,Manual,1,Honda Amaze VX
656,2014,8,Petrol,Manual,1,Honda CR-V 2.0L
657,2015,5,Diesel,Manual,1,Honda City i
658,2015,4,Diesel,Manual,1,Honda City i
659,2016,1,Petrol,Automatic,1,Honda City i
660,2009,1,Petrol,Automatic,1,Honda City 1.5
661,2015,3,Petrol,Manual,1,Honda Mobilio V
662,2016,4,Petrol,Manual,1,Honda Jazz 1.2
663,2018,4,Diesel,Manual,1,Honda WR-V i-DTEC
664,2007,8,Petrol,Manual,1,Honda City GXi
665,2010,5,Petrol,Manual,1,Honda City 1.5
666,2010,4,Petrol,Automatic,1,Honda Civic 1.8
667,2022,3,Petrol,Manual,1,Honda City V
668,2015,1,Diesel,Manual,1,Honda Amaze S
669,2016,4,Petrol,Manual,1,Honda Amaze S
670,2022,2,Petrol,Manual,1,Honda Amaze S
671,2009,1,Petrol,Manual,1,Honda City 1.5
672,2014,9,Diesel,Manual,1,Honda Mobilio V
673,2021,1,Petrol,Automatic,1,Honda Amaze VX
674,2006,8,Petrol,Manual,1,Honda City GXi
675,2013,5,Petrol,Manual,1,Honda Amaze VX
676,2016,3,Petrol,Automatic,1,Honda Jazz 1.2
677,2018,4,Diesel,Manual,1,Honda WR-V i-DTEC
678,2014,3,Petrol,Manual,1,Honda City i
679,2015,9,Diesel,Manual,1,Honda City i
680,2013,4,Petrol,Manual,1,Honda Brio S
681,2009,9,Petrol,Manual,1,Honda City 1.5
682,2017,2,Petrol,Automatic,1,Honda City i-VTEC
683,2021,6,Petrol,Manual,1,Honda City V
684,2014,8,Diesel,Manual,1,Honda Mobilio S
685,2014,7,Diesel,Manual,1,Honda Amaze S
686,2019,1,Petrol,Automatic,1,Honda BR-V i-VTEC
687,2009,1,Petrol,Manual,1,Honda City 1.5
688,2010,5,Petrol,Manual,1,Honda Jazz Basic
689,2016,7,Petrol,Manual,1,Honda City i
690,2014,1,Petrol,Manual,1,Honda City i
691,2014,6,Diesel,Manual,1,Honda City i
692,2015,3,Petrol,Manual,1,Honda Amaze S
693,2021,7,Petrol,Manual,1,Honda Amaze S
694,2020,5,Petrol,Automatic,1,Honda City ZX
695,2022,1,Petrol,Manual,1,Honda City ZX
696,2016,5,Petrol,Manual,1,Honda Jazz 1.2
697,2014,1,Diesel,Manual,1,Honda City i
698,2009,9,Petrol,Manual,1,Honda City 1.5
699,2014,1,Diesel,Manual,1,Honda Amaze VX
700,2014,8,Petrol,Automatic,1,Honda CR-V 2.4L
701,2014,1,Diesel,Manual,1,Honda City i
702,2018,6,Petrol,Automatic,1,Honda Jazz 1.2
703,2007,1,Petrol,Manual,1,Honda City EXi
704,2018,3,Diesel,Manual,1,Honda Amaze V
705,2014,1,Diesel,Manual,1,Honda City i
706,2011,3,Petrol,Manual,1,Honda Civic 1.8
707,2022,2,Petrol,Automatic,1,Honda Amaze S
708,2016,3,Diesel,Manual,1,Honda City i
709,2015,7,Petrol,Manual,1,Honda Jazz V
710,2012,1,Petrol,Manual,1,Honda City V
711,2013,7,Petrol,Manual,1,Honda City S
712,2013,4,Petrol,Manual,1,Honda City S
713,2014,6,Diesel,Manual,1,Honda Amaze S
714,2019,2,Diesel,Manual,1,Honda BR-V i-DTEC
715,2012,1,Petrol,Automatic,1,Honda City 1.5
716,2015,1,Diesel,Manual,1,Honda City i
717,2022,1,Petrol,Automatic,1,Honda Amaze S
718,2010,7,Petrol,Manual,1,Honda Civic 1.8
719,2017,5,Petrol,Manual,1,Honda City i-VTEC
720,2010,5,Petrol,Manual,1,Honda City 1.5
721,2013,6,Petrol,Automatic,1,Honda City 1.5
722,2019,1,Petrol,Manual,1,Honda Amaze S
723,2022,5,Petrol,Automatic,1,Honda Amaze VX
724,2015,4,Petrol,Manual,1,Honda City i
725,2014,1,Diesel,Manual,1,Honda City i
726,2016,4,Diesel,Manual,1,Honda BR-V i-DTEC
727,2010,2,Petrol,Manual,1,Honda City 1.5
728,2015,1,Diesel,Manual,1,Honda City i
729,2011,1,Petrol,Manual,1,Honda Civic 1.8
730,2008,7,Petrol,Manual,1,Honda City GXi
731,2014,4,Petrol,Manual,1,Honda Brio S
732,2015,1,Petrol,Manual,1,Honda Amaze S
733,2011,7,Petrol,Manual,1,Honda Jazz X
734,2021,3,Petrol,Manual,1,Honda Amaze VX
735,2021,3,Petrol,Manual,1,Honda Amaze VX
736,2020,1,Petrol,Manual,1,Honda City i-VTEC
737,2013,2,Petrol,Manual,1,Honda City i
738,2017,3,Diesel,Manual,1,Honda City i-DTEC
739,2020,6,Petrol,Manual,1,Honda Amaze S
740,2013,1,Diesel,Manual,1,Honda Amaze EX
741,2016,2,Petrol,Manual,1,Honda City i
742,2020,2,Petrol,Manual,1,Honda Amaze S
743,2014,8,Diesel,Manual,1,Honda City i
744,2015,4,Diesel,Manual,1,Honda City i
745,2014,4,Petrol,Manual,1,Honda City i
746,2013,5,Petrol,Automatic,1,Honda City V
747,2015,8,Diesel,Manual,1,Honda Mobilio RS
748,2015,4,Petrol,Automatic,1,Honda City i
749,2015,8,Diesel,Manual,1,Honda Mobilio E
750,2015,5,Petrol,Manual,1,Honda City i
751,2016,8,Petrol,Manual,1,Honda City i
752,2010,8,Petrol,Manual,1,Honda Civic 1.8
753,2012,5,Petrol,Manual,1,Honda City S
754,2017,4,Petrol,Manual,1,Honda Jazz 1.2
755,2009,8,Petrol,Manual,1,Honda City 1.5
756,2009,4,Petrol,Manual,1,Honda Jazz Basic
757,2013,6,Petrol,Manual,1,Honda City i
758,2020,3,Petrol,Manual,1,Honda Amaze S
759,2009,9,Petrol,Automatic,1,Honda Accord 2.4
760,2012,1,Petrol,Manual,1,Honda City V
761,2018,5,Diesel,Automatic,1,Honda Amaze V
762,2012,7,Petrol,Automatic,1,Honda City 1.5
763,2010,4,Petrol,Manual,1,Honda Civic 1.8
764,2009,8,Petrol,Manual,1,Honda City 1.5
765,2017,2,Petrol,Manual,1,Honda WR-V i-VTEC
766,2015,1,Petrol,Manual,1,Honda Amaze S
767,2015,5,Petrol,Automatic,1,Honda Brio VX
768,2008,1,Petrol,Manual,1,Honda City 1.5
769,2012,4,Petrol,Manual,1,Honda Brio S
770,2007,1,Petrol,Automatic,1,Honda Accord VTi-L
771,2019,8,Petrol,Manual,1,Honda Amaze S
772,2017,5,Petrol,Manual,1,Honda City i
773,2009,6,Petrol,Automatic,1,Honda Accord 2.4
774,2014,9,Diesel,Manual,1,Honda City i
775,2021,1,Petrol,Manual,1,Honda City V
776,2021,1,Petrol,Manual,1,Honda City VX
777,2013,1,Diesel,Manual,1,Honda Amaze S
778,2009,9,Petrol,Manual,1,Honda City 1.5
779,2009,1,Petrol,Manual,1,Honda Civic 1.8
780,2015,1,Diesel,Manual,1,Honda City i
781,2014,9,Diesel,Manual,1,Honda City i
782,2012,5,Petrol,Automatic,1,Honda City V
783,2016,5,Petrol,Automatic,1,Honda City i
784,2015,5,Petrol,Automatic,1,Honda City i
785,2016,6,Petrol,Automatic,1,Honda City i
786,2012,4,Petrol,Manual,1,Honda Brio S
787,2016,4,Petrol,Manual,1,Honda Jazz 1.2
788,2014,3,Petrol,Manual,1,Honda Amaze S
789,2010,9,Petrol,Manual,1,Honda City 1.5
790,2012,7,Petrol,Manual,1,Honda Brio V
791,2010,9,Petrol,Automatic,1,Honda City V
792,2013,7,Petrol,Manual,1,Honda Amaze S
793,2012,7,Petrol,Manual,1,Honda Jazz S
794,2016,3,Petrol,Manual,1,Honda City i
795,2007,1,Petrol,Manual,1,Honda City VTEC
796,2014,4,Diesel,Manual,1,Honda City i
797,2020,3,Petrol,Manual,1,Honda City ZX
798,2015,3,Petrol,Manual,1,Honda Jazz 1.2
799,2015,1,Diesel,Manual,1,Honda Amaze S
800,2017,2,Petrol,Automatic,1,Honda Jazz 1.2
801,2009,1,Petrol,Manual,1,Honda Jazz S
802,2007,1,Petrol,Manual,1,Honda City VTEC
803,2022,5,Petrol,Automatic,1,Honda Amaze VX
804,2020,2,Petrol,Manual,1,Honda Amaze S
805,2015,1,Diesel,Manual,1,Honda City i
806,2014,9,Diesel,Manual,1,Honda Amaze S
807,2017,4,Petrol,Automatic,1,Honda City i-VTEC
808,2009,9,Petrol,Manual,1,Honda City 1.5
809,2009,4,Petrol,Manual,1,Honda City 1.5
810,2017,7,Petrol,Manual,1,Honda BR-V i-VTEC
811,2010,8,Petrol,Manual,1,Honda City 1.5
812,2008,8,Petrol,Manual,1,Honda Civic 1.8
813,2014,7,Petrol,Automatic,1,Honda CR-V 2.4L
814,2017,4,Diesel,Manual,1,Honda Amaze S
815,2014,4,Petrol,Manual,1,Honda City i
816,2000,8,Petrol,Manual,1,Honda City 1.3
817,2007,1,Petrol,Manual,1,Honda Civic 1.8
818,2016,4,Petrol,Automatic,1,Honda Amaze V
819,2021,1,Petrol,Automatic,1,Honda City V
820,2014,7,Diesel,Manual,1,Honda Mobilio RS
821,2019,3,Petrol,Manual,1,Honda Amaze S
822,2018,5,Diesel,Manual,1,Honda WR-V i-DTEC
823,2016,1,Diesel,Manual,1,Honda Jazz 1.5
824,2014,9,Diesel,Manual,1,Honda City i
825,2019,3,Petrol,Automatic,1,Honda Jazz VX
826,2012,7,Petrol,Manual,1,Honda Jazz Basic
827,2014,8,Diesel,Manual,1,Honda Amaze S
828,2005,1,Petrol,Manual,1,Honda City 1.5
829,2006,9,Petrol,Manual,1,Honda City GXi
830,2014,1,Diesel,Manual,1,Honda City i
831,2012,6,Petrol,Automatic,1,Honda City 1.5
832,2014,4,Petrol,Manual,1,Honda Mobilio V
833,2017,1,Diesel,Manual,1,Honda Amaze E
834,2019,1,Diesel,Manual,1,Honda Amaze Exclusive
835,2017,5,Petrol,Automatic,1,Honda BR-V i-VTEC
836,2014,5,Petrol,Manual,1,Honda City i
837,2019,4,Petrol,Manual,1,Honda Jazz VX
838,2017,5,Petrol,Manual,1,Honda Jazz V
839,2016,4,Petrol,Manual,1,Honda Brio 1.2
840,2019,4,Diesel,Manual,1,Honda City i-DTEC
841,2016,7,Diesel,Manual,1,Honda Amaze S
842,2016,4,Petrol,Automatic,1,Honda Jazz V
843,2012,9,Petrol,Manual,1,Honda City V
844,2019,3,Petrol,Manual,1,Honda WR-V i-VTEC
845,2018,9,Diesel,Manual,1,Honda Amaze VX
846,2018,6,Petrol,Manual,1,Honda Jazz 1.2
847,2014,8,Petrol,Manual,1,Honda Brio S
848,2010,1,Petrol,Manual,1,Honda City 1.5
849,2018,3,Petrol,Manual,1,Honda City i-VTEC
850,2019,3,Petrol,Manual,1,Honda City V
851,2009,6,Petrol,Automatic,1,Honda City 1.5
852,2018,8,Diesel,Manual,1,Honda WR-V i-DTEC
853,2017,7,Petrol,Manual,1,Honda Jazz 1.2
854,2022,8,Petrol,Manual,1,Honda City ZX
855,2012,3,Petrol,Manual,1,Honda Jazz 1.2
856,2016,4,Petrol,Manual,1,Honda Amaze VX
857,2020,1,Petrol,Manual,1,Honda Amaze S
858,2019,7,Diesel,Manual,1,Honda Civic VX
859,2010,7,Petrol,Manual,1,Honda City 1.5
860,2014,8,Diesel,Manual,1,Honda City i
861,2018,7,Diesel,Manual,1,Honda WR-V i-DTEC
862,2015,4,Petrol,Manual,1,Honda Jazz 1.2
863,2009,7,Petrol,Manual,1,Honda City 1.5
864,2015,5,Petrol,Manual,1,Honda Jazz 1.2
865,2015,1,Petrol,Automatic,1,Honda CR-V Petrol
866,2018,2,Petrol,Manual,1,Honda WR-V Edge
867,2018,2,Petrol,Manual,1,Honda WR-V i-VTEC
868,2017,2,Petrol,Manual,1,Honda Amaze S
869,2015,7,Petrol,Manual,1,Honda City i
870,2018,4,Petrol,Manual,1,Honda WR-V i-VTEC
871,2015,6,Petrol,Manual,1,Honda Brio S
872,2015,9,Petrol,Automatic,1,Honda City i
873,2009,6,Petrol,Manual,1,Honda City 1.5
874,2017,5,Diesel,Manual,1,Honda WR-V i-DTEC
875,2014,8,Diesel,Manual,1,Honda City i
876,2017,6,Petrol,Automatic,1,Honda Jazz 1.2
877,2016,3,Petrol,Manual,1,Honda Jazz 1.2
878,2014,1,Diesel,Manual,1,Honda City i
879,2018,5,Petrol,Manual,1,Honda City i-VTEC
880,2015,7,Petrol,Manual,1,Honda City VX
881,2014,1,Diesel,Manual,1,Honda Mobilio V
882,2018,4,Petrol,Automatic,1,Honda Jazz VX
883,2012,8,Petrol,Manual,1,Honda City E
884,2016,1,Petrol,Manual,1,Honda Jazz 1.2
885,2019,3,Diesel,Manual,1,Honda Amaze S
886,2010,5,Petrol,Manual,1,Honda City 1.5
887,2017,1,Petrol,Manual,1,Honda Mobilio V
888,2017,1,Petrol,Manual,1,Honda Amaze S
889,2015,6,Petrol,Automatic,1,Honda City i
890,2016,6,Petrol,Manual,1,Honda Brio V
891,2016,6,Petrol,Automatic,1,Honda Jazz 1.2
892,2009,8,Petrol,Manual,1,Honda City 1.5
893,2008,8,Petrol,Manual,1,Honda CR-V 2.0
894,2009,6,Petrol,Manual,1,Honda City 1.5
895,2015,6,Diesel,Manual,1,Honda City i
896,2015,5,Diesel,Manual,1,Honda Amaze S
897,2019,3,Petrol,Automatic,1,Honda Civic VX
898,2016,5,Petrol,Automatic,1,Honda City 1.5
899,2015,5,Petrol,Automatic,1,Honda City 1.5
900,2016,5,Diesel,Manual,1,Honda Jazz 1.5
901,2018,5,Petrol,Automatic,1,Honda Jazz V
902,2021,6,Diesel,Manual,1,Honda Amaze S
903,2017,4,Petrol,Automatic,1,Honda Jazz V
904,2016,5,Petrol,Automatic,1,Honda City i
905,2014,5,Petrol,Manual,1,Honda City SV
906,2015,4,Petrol,Manual,1,Honda City i
907,2019,4,Petrol,Automatic,1,Honda City ZX
908,2010,6,Petrol,Manual,1,Honda Accord 2.4
909,2014,7,Petrol,Manual,1,Honda Amaze VX
910,2014,7,Diesel,Manual,1,Honda Amaze S
911,2012,7,Petrol,Manual,1,Honda Jazz X
912,2014,1,Petrol,Manual,1,Honda Amaze E
913,2021,3,Petrol,Automatic,1,Honda City VX
914,2015,1,Diesel,Manual,1,Honda Mobilio RS
915,2007,8,Petrol,Manual,1,Honda City VTEC
916,2014,5,Petrol,Manual,1,Honda Amaze SX
917,2021,3,Diesel,Automatic,1,Honda Amaze VX
918,2015,6,Petrol,Manual,1,Honda City V
919,2016,8,Petrol,Manual,1,Honda Amaze S
920,2011,7,Petrol,Automatic,1,Honda City 1.5
921,2013,1,Diesel,Manual,1,Honda Amaze EX
922,2014,1,Diesel,Manual,1,Honda Mobilio V
923,2010,7,Petrol,Automatic,1,Honda City 1.5
924,2018,9,Diesel,Manual,1,Honda BR-V i-DTEC
925,2019,1,Petrol,Manual,1,Honda Jazz 1.2
926,2015,2,Diesel,Manual,1,Honda Amaze S
927,2015,5,Petrol,Manual,1,Honda Brio VX
928,2013,9,Petrol,Manual,1,Honda City 1.5
929,2019,8,Diesel,Manual,1,Honda WR-V i-DTEC
930,2015,5,Petrol,Automatic,1,Honda Amaze VX
931,2013,9,Petrol,Manual,1,Honda City S
932,2019,3,Petrol,Manual,1,Honda Amaze S
933,2021,3,Petrol,Manual,1,Honda WR-V VX
934,2015,7,Diesel,Manual,1,Honda Jazz 1.5
935,2021,2,Petrol,Manual,1,Honda Amaze S
936,2009,1,Petrol,Manual,1,Honda City 1.5
937,2018,2,Petrol,Manual,1,Honda Amaze VX
938,2020,2,Petrol,Automatic,1,Honda Amaze Exclusive
939,2008,9,Petrol,Manual,1,Honda City GXi
940,2006,4,Petrol,Automatic,1,Honda Civic 1.8
941,2019,1,Diesel,Manual,1,Honda WR-V i-DTEC
942,2020,2,Petrol,Manual,1,Honda Amaze S
943,2018,2,Petrol,Automatic,1,Honda City i-VTEC
944,2008,6,Petrol,Manual,1,Honda City 1.5
945,2012,9,Petrol,Manual,1,Honda City E
946,2012,7,Petrol,Manual,1,Honda Brio S
947,2011,7,Petrol,Manual,1,Honda City 1.5
948,2014,1,Diesel,Manual,1,Honda City i
949,2017,3,Petrol,Automatic,1,Honda City i-VTEC
950,2016,3,Petrol,Manual,1,Honda City i
951,2016,7,Petrol,Manual,1,Honda Amaze EX
952,2021,7,Diesel,Manual,1,Honda WR-V VX
953,2017,5,Petrol,Manual,1,Honda City i-VTEC
954,2010,5,Petrol,Manual,1,Honda Accord 2.4
955,2008,1,Petrol,Manual,1,Honda City 1.5
956,2015,5,Petrol,Automatic,1,Honda Jazz 1.2
957,2016,3,Petrol,Manual,1,Honda City i
958,2018,1,Diesel,Manual,1,Honda City i-DTEC
959,2010,1,Petrol,Manual,1,Honda Accord 2.4
960,2016,2,Petrol,Manual,1,Honda Brio 1.2
961,2017,3,Petrol,Manual,1,Honda Amaze S
962,2008,8,Petrol,Manual,1,Honda Civic 1.8
963,2016,3,Diesel,Manual,1,Honda Jazz 1.5
964,2008,1,Petrol,Manual,1,Honda Civic 1.8
965,2015,3,Petrol,Manual,1,Honda Jazz 1.2
966,2018,6,Diesel,Manual,1,Honda City i-DTEC
967,2007,1,Petrol,Manual,1,Honda CR-V RVi
968,2016,5,Petrol,Automatic,1,Honda City i
969,2006,1,Petrol,Manual,1,Honda City GXi
970,2017,1,Petrol,Automatic,1,Honda City i-VTEC
971,2013,1,Diesel,Manual,1,Honda Amaze EX
972,2019,4,Petrol,Automatic,1,Honda Civic ZX
973,2006,1,Petrol,Manual,1,Honda City GXi
974,2007,9,Petrol,Manual,1,Honda Civic 1.8
975,2016,3,Petrol,Manual,1,Honda Amaze S
976,2017,3,Petrol,Manual,1,Honda Amaze S
977,2017,3,Petrol,Manual,1,Honda City i
978,2015,3,Diesel,Manual,1,Honda Amaze S
979,2017,8,Petrol,Manual,1,Honda City V
980,2016,2,Petrol,Manual,1,Honda Brio 1.2
981,2017,3,Petrol,Manual,1,Honda Amaze S
982,2008,8,Petrol,Manual,1,Honda Civic 1.8
983,2016,3,Diesel,Manual,1,Honda Jazz 1.5
984,2008,1,Petrol,Manual,1,Honda Civic 1.8
985,2015,3,Petrol,Manual,1,Honda Jazz 1.2
986,2018,6,Diesel,Manual,1,Honda City i-DTEC
987,2007,1,Petrol,Manual,1,Honda CR-V RVi
988,2016,5,Petrol,Automatic,1,Honda City i
989,2006,1,Petrol,Manual,1,Honda City GXi
990,2017,1,Petrol,Automatic,1,Honda City i-VTEC
991,2013,1,Diesel,Manual,1,Honda Amaze EX
992,2019,4,Petrol,Automatic,1,Honda Civic ZX
993,2006,1,Petrol,Manual,1,Honda City GXi
994,2007,9,Petrol,Manual,1,Honda Civic 1.8
995,2016,3,Petrol,Manual,1,Honda Amaze S
996,2017,3,Petrol,Manual,1,Honda Amaze S
997,2017,3,Petrol,Manual,1,Honda City i
998,2015,3,Diesel,Manual,1,Honda Amaze S
